x,y
0.994097,0.108496
0.918643,0.395088
-0.742544,-0.669797
-0.898197,-0.439593
0.105631,0.994405
0.029236,-0.999573
0.0379884,-0.999278
-0.278816,-0.960344
0.162934,-0.986637
-0.866511,-0.499159
0.517489,-0.85569
-0.98968,0.143298
-0.98434,0.176281
-0.991421,0.130705
-0.69137,0.722501
-0.182645,0.983179
0.34881,0.937194
0.490951,0.871187
-0.874885,-0.48433
-0.958776,-0.284163
-0.556778,-0.830661
-0.861008,-0.508592
-0.899859,-0.436181
-0.999094,0.0425475
-0.99935,0.0360596
-0.127518,-0.991836
0.828785,-0.559567
0.067379,0.997727
0.717473,0.696586
0.857503,0.514478
0.991194,0.132421
-0.0495759,0.99877
-0.488159,0.872755
0.482205,0.876058
